{
  "original_width": 4129.608329491722,
  "target_width": 3.2,
  "scale_factor": 0.0007748918891767784,
  "translation_offset": -1.5432058185569368,
  "original_x_range": [
    -1991.511125760255,
    2138.0972037314664
  ],
  "version": "width_scaling_v1",
  "scaled_x_range": [
    0.0,
    3.2
  ]
}